file;score;rmsd
1BRS_A_1BRS_B_allatom_28_DP.pdb;-148.64394633617178;0.9666118751812329
1BRS_A_1BRS_B_allatom_226_DP.pdb;-53.1549780363445;43.417617860474124
1BRS_A_1BRS_B_allatom_869_DP.pdb;-53.15256951768734;33.11774163548117
1BRS_A_1BRS_B_allatom_268_DP.pdb;-53.02197992937702;53.57832860176417
1BRS_A_1BRS_B_allatom_482_DP.pdb;-51.09403304025218;47.572685559156156
1BRS_A_1BRS_B_allatom_794_DP.pdb;-47.338043459185776;29.88815573964445
1BRS_A_1BRS_B_allatom_338_DP.pdb;-42.85992854186901;27.363150365610945
1BRS_A_1BRS_B_allatom_49_DP.pdb;-42.04999981047875;31.80665115996172
1BRS_A_1BRS_B_allatom_161_DP.pdb;-41.851659402895;49.645411177207734
1BRS_A_1BRS_B_allatom_476_DP.pdb;-39.75153365100674;44.768232135396374
1BRS_A_1BRS_B_allatom_761_DP.pdb;-36.715661788378114;35.5194762793727
1BRS_A_1BRS_B_allatom_181_DP.pdb;-36.150417060012465;21.178161915401027
1BRS_A_1BRS_B_allatom_919_DP.pdb;-35.43840879169883;14.498802585120567
1BRS_A_1BRS_B_allatom_593_DP.pdb;-33.696234956022856;31.045536124608443
1BRS_A_1BRS_B_allatom_498_DP.pdb;-32.81605431473366;52.13118927437699
1BRS_A_1BRS_B_allatom_370_DP.pdb;-31.996238130461265;24.559539237132075
1BRS_A_1BRS_B_allatom_694_DP.pdb;-30.418725986765097;10.829664640162724
1BRS_A_1BRS_B_allatom_925_DP.pdb;-29.117734790383917;38.19982494363211
1BRS_A_1BRS_B_allatom_735_DP.pdb;-28.946602578332524;50.238912639918645
1BRS_A_1BRS_B_allatom_777_DP.pdb;-28.509789874277175;34.949870055996406
1BRS_A_1BRS_B_allatom_771_DP.pdb;-26.900837187684946;47.05275862593335
1BRS_A_1BRS_B_allatom_602_DP.pdb;-26.158057846611122;50.58951833852679
1BRS_A_1BRS_B_allatom_299_DP.pdb;-25.33677942360676;42.0114283812415
1BRS_A_1BRS_B_allatom_90_DP.pdb;-24.2016942596622;49.08517094700346
1BRS_A_1BRS_B_allatom_523_DP.pdb;-22.64525310257642;35.393756236499335
1BRS_A_1BRS_B_allatom_55_DP.pdb;-21.10940059980041;34.73963911001743
1BRS_A_1BRS_B_allatom_375_DP.pdb;-21.036280754312713;18.188359772307575
1BRS_A_1BRS_B_allatom_277_DP.pdb;-20.60043342816852;36.88141729658172
1BRS_A_1BRS_B_allatom_608_DP.pdb;-19.56853197061873;25.7109702477456
1BRS_A_1BRS_B_allatom_540_DP.pdb;-18.05801167135345;20.913305959625788
1BRS_A_1BRS_B_allatom_595_DP.pdb;-14.701854409798234;33.67094716841792
1BRS_A_1BRS_B_allatom_774_DP.pdb;-9.975133014567778;25.49688269113535
1BRS_A_1BRS_B_allatom_330_DP.pdb;-6.780456194551135;52.85399120033035
1BRS_A_1BRS_B_allatom_522_DP.pdb;-5.355796369590659;46.42324082035168
1BRS_A_1BRS_B_allatom_728_DP.pdb;-2.5060469245198043;43.95503892563426
1BRS_A_1BRS_B_allatom_812_DP.pdb;0.045472954183607334;39.14215290612458
1BRS_A_1BRS_B_allatom_288_DP.pdb;1.1266391275358467;14.314922249980562
1BRS_A_1BRS_B_allatom_237_DP.pdb;5.593049633218086;19.405057572172012
1BRS_A_1BRS_B_allatom_850_DP.pdb;5.850322267555919;48.98535386707704
1BRS_A_1BRS_B_allatom_604_DP.pdb;9.006291333887587;41.19561101803717
1BRS_A_1BRS_B_allatom_788_DP.pdb;9.035291040083155;44.701406133351675
1BRS_A_1BRS_B_allatom_552_DP.pdb;9.108172910036881;34.27801527100921
1BRS_A_1BRS_B_allatom_490_DP.pdb;9.445040502364918;36.01481584254476
1BRS_A_1BRS_B_allatom_87_DP.pdb;9.648459019834348;54.05176743109597
1BRS_A_1BRS_B_allatom_856_DP.pdb;13.334375397608161;31.320732155899698
1BRS_A_1BRS_B_allatom_130_DP.pdb;15.367343974824793;37.259029336725106
1BRS_A_1BRS_B_allatom_517_DP.pdb;18.901324729545372;38.08540052137516
1BRS_A_1BRS_B_allatom_389_DP.pdb;19.024846688969696;31.285415996418614
1BRS_A_1BRS_B_allatom_825_DP.pdb;20.00099223243277;38.406616498040876
1BRS_A_1BRS_B_allatom_937_DP.pdb;20.262838268958035;52.03965932692171
1BRS_A_1BRS_B_allatom_327_DP.pdb;21.094082620912125;49.28679559604617
1BRS_A_1BRS_B_allatom_151_DP.pdb;21.40859716875262;53.182561533714754
1BRS_A_1BRS_B_allatom_688_DP.pdb;22.01393974520299;19.405106709672925
1BRS_A_1BRS_B_allatom_746_DP.pdb;29.862315149950643;30.686034552035814
1BRS_A_1BRS_B_allatom_620_DP.pdb;31.10909324843863;23.142112654529672
1BRS_A_1BRS_B_allatom_11_DP.pdb;31.946454367501637;41.762726358381556
1BRS_A_1BRS_B_allatom_566_DP.pdb;32.10435493055523;49.705512824875946
1BRS_A_1BRS_B_allatom_652_DP.pdb;35.59624907695643;49.85586654639506
1BRS_A_1BRS_B_allatom_623_DP.pdb;35.618863672865864;31.652574802749903
1BRS_A_1BRS_B_allatom_718_DP.pdb;37.852835657548006;45.27128644861602
1BRS_A_1BRS_B_allatom_385_DP.pdb;38.145915347951025;54.30198612199285
1BRS_A_1BRS_B_allatom_551_DP.pdb;39.752987634813074;36.62996494517921
1BRS_A_1BRS_B_allatom_923_DP.pdb;39.82941147713812;52.738942509307115
1BRS_A_1BRS_B_allatom_45_DP.pdb;40.0856326101157;19.62949702513465
1BRS_A_1BRS_B_allatom_455_DP.pdb;40.465297748396345;28.515494279627944
1BRS_A_1BRS_B_allatom_848_DP.pdb;41.478151524758665;52.25358976086286
1BRS_A_1BRS_B_allatom_89_DP.pdb;43.445973439477385;59.172107288143295
1BRS_A_1BRS_B_allatom_800_DP.pdb;46.32565674313397;14.941936621084487
1BRS_A_1BRS_B_allatom_600_DP.pdb;47.39467122627053;47.78868331796105
1BRS_A_1BRS_B_allatom_501_DP.pdb;47.92129693868896;30.64641487986002
1BRS_A_1BRS_B_allatom_680_DP.pdb;49.46068565006157;37.50253602382632
1BRS_A_1BRS_B_allatom_499_DP.pdb;51.040612112854475;54.274058372894565
1BRS_A_1BRS_B_allatom_724_DP.pdb;53.43481853015322;54.15511978386345
1BRS_A_1BRS_B_allatom_581_DP.pdb;53.503679207483245;38.84398977430365
1BRS_A_1BRS_B_allatom_363_DP.pdb;59.90744191578693;51.40604865143812
1BRS_A_1BRS_B_allatom_18_DP.pdb;62.98890230738305;48.04157129944378
1BRS_A_1BRS_B_allatom_44_DP.pdb;66.44964386596885;47.138309096681155
1BRS_A_1BRS_B_allatom_382_DP.pdb;69.83201012957173;44.3126476798927
1BRS_A_1BRS_B_allatom_828_DP.pdb;71.92304368932712;42.11014703937948
1BRS_A_1BRS_B_allatom_543_DP.pdb;74.3856948711689;48.726477135126444
1BRS_A_1BRS_B_allatom_2_DP.pdb;77.45529984886052;50.77189927452517
1BRS_A_1BRS_B_allatom_206_DP.pdb;78.78606137257357;28.057668943859507
1BRS_A_1BRS_B_allatom_576_DP.pdb;81.32990913590777;37.70601384074722
1BRS_A_1BRS_B_allatom_717_DP.pdb;90.11181016637262;41.39183237453784
1BRS_A_1BRS_B_allatom_95_DP.pdb;93.44185553779592;42.559390532187656
1BRS_A_1BRS_B_allatom_198_DP.pdb;93.50374972454054;34.73242992829811
1BRS_A_1BRS_B_allatom_207_DP.pdb;95.39552998052982;40.570517967335974
1BRS_A_1BRS_B_allatom_706_DP.pdb;98.30421749136737;34.907825949616736
1BRS_A_1BRS_B_allatom_892_DP.pdb;100.18087709978252;19.996182229293833
1BRS_A_1BRS_B_allatom_569_DP.pdb;104.74097553932833;51.92414046416685
1BRS_A_1BRS_B_allatom_648_DP.pdb;105.91040417079832;37.65299918752943
1BRS_A_1BRS_B_allatom_34_DP.pdb;114.97823087164599;34.78832485650667
1BRS_A_1BRS_B_allatom_458_DP.pdb;118.32120884868687;56.703384247357306
1BRS_A_1BRS_B_allatom_537_DP.pdb;118.81702544316009;49.68449369611288
1BRS_A_1BRS_B_allatom_282_DP.pdb;120.95949229943498;47.5343652542709
1BRS_A_1BRS_B_allatom_667_DP.pdb;124.57199425284858;27.49325797814572
1BRS_A_1BRS_B_allatom_48_DP.pdb;128.36945316956206;37.720600353579776
1BRS_A_1BRS_B_allatom_53_DP.pdb;128.8647556292138;40.89592956630225
1BRS_A_1BRS_B_allatom_864_DP.pdb;136.90041637202864;44.77614342045546
1BRS_A_1BRS_B_allatom_643_DP.pdb;137.61701123259056;28.295783187930866
1BRS_A_1BRS_B_allatom_296_DP.pdb;138.24374066551948;50.67245263374904
1BRS_A_1BRS_B_allatom_612_DP.pdb;145.37610220926132;40.761804853557955
1BRS_A_1BRS_B_allatom_75_DP.pdb;145.93099865173207;32.15598734455916
1BRS_A_1BRS_B_allatom_583_DP.pdb;148.04539812993067;51.614949825218
1BRS_A_1BRS_B_allatom_46_DP.pdb;150.24800689012812;40.18556756824034
1BRS_A_1BRS_B_allatom_121_DP.pdb;150.52980528923004;47.004988835375684
1BRS_A_1BRS_B_allatom_275_DP.pdb;151.79863391293864;40.44091666437808
1BRS_A_1BRS_B_allatom_122_DP.pdb;152.13207804793382;45.724786677103985
1BRS_A_1BRS_B_allatom_887_DP.pdb;152.165922304578;35.27622861876279
1BRS_A_1BRS_B_allatom_96_DP.pdb;152.95765639114148;40.158303108899
1BRS_A_1BRS_B_allatom_747_DP.pdb;153.47792128170266;31.515549813298247
1BRS_A_1BRS_B_allatom_103_DP.pdb;154.74526038727362;42.30941042452925
1BRS_A_1BRS_B_allatom_874_DP.pdb;155.07609418572352;37.78967910124023
1BRS_A_1BRS_B_allatom_251_DP.pdb;156.30713914532672;48.649220795286176
1BRS_A_1BRS_B_allatom_102_DP.pdb;156.766600657953;44.21455085995025
1BRS_A_1BRS_B_allatom_913_DP.pdb;157.14658260947274;53.64244516463972
1BRS_A_1BRS_B_allatom_460_DP.pdb;165.34376443656203;42.44516528944464
1BRS_A_1BRS_B_allatom_468_DP.pdb;169.30646366366267;46.34174772412491
1BRS_A_1BRS_B_allatom_605_DP.pdb;169.45139816494745;38.36453283224992
1BRS_A_1BRS_B_allatom_307_DP.pdb;171.55662704515066;42.8087074250356
1BRS_A_1BRS_B_allatom_510_DP.pdb;172.38661422898466;39.15573465978037
1BRS_A_1BRS_B_allatom_148_DP.pdb;176.28964129219594;36.39999726774652
1BRS_A_1BRS_B_allatom_47_DP.pdb;180.90047337640323;43.810964095366785
1BRS_A_1BRS_B_allatom_926_DP.pdb;191.54073553015334;21.8546781927359
1BRS_A_1BRS_B_allatom_378_DP.pdb;192.5692610513612;39.22821656533154
1BRS_A_1BRS_B_allatom_243_DP.pdb;193.00006714067808;29.05733136463985
1BRS_A_1BRS_B_allatom_658_DP.pdb;194.26114454609404;32.62906382405849
1BRS_A_1BRS_B_allatom_820_DP.pdb;195.09499030157318;50.19250434513884
1BRS_A_1BRS_B_allatom_860_DP.pdb;206.56328069905783;18.95776908919086
1BRS_A_1BRS_B_allatom_404_DP.pdb;210.67432584637226;30.77314565129575
1BRS_A_1BRS_B_allatom_944_DP.pdb;210.93939206427663;26.461256586090965
1BRS_A_1BRS_B_allatom_767_DP.pdb;212.724137904662;24.275601243072103
1BRS_A_1BRS_B_allatom_526_DP.pdb;212.86596274512172;17.536580404610138
1BRS_A_1BRS_B_allatom_691_DP.pdb;215.40861495055526;11.080844947864792
1BRS_A_1BRS_B_allatom_214_DP.pdb;221.68570836231666;37.16632259399523
1BRS_A_1BRS_B_allatom_143_DP.pdb;223.63984170823866;36.149295067132016
1BRS_A_1BRS_B_allatom_317_DP.pdb;229.83024810301603;34.24523625399531
1BRS_A_1BRS_B_allatom_935_DP.pdb;232.1944840025961;32.7403530313998
1BRS_A_1BRS_B_allatom_757_DP.pdb;236.00131493730848;59.1827745220384
1BRS_A_1BRS_B_allatom_734_DP.pdb;238.24071372936675;41.28511153057423
1BRS_A_1BRS_B_allatom_592_DP.pdb;238.89042863308697;32.52231326141428
1BRS_A_1BRS_B_allatom_184_DP.pdb;243.941961669829;46.93593278296381
1BRS_A_1BRS_B_allatom_240_DP.pdb;253.04386211878585;38.75769152200558
1BRS_A_1BRS_B_allatom_106_DP.pdb;259.5148769117558;57.25404923089137
1BRS_A_1BRS_B_allatom_751_DP.pdb;259.6293780976857;51.7780817119572
1BRS_A_1BRS_B_allatom_489_DP.pdb;264.77946332463506;52.490339128087264
1BRS_A_1BRS_B_allatom_335_DP.pdb;265.5713412179359;31.468744795614178
1BRS_A_1BRS_B_allatom_369_DP.pdb;271.163401337531;49.657299761441934
1BRS_A_1BRS_B_allatom_560_DP.pdb;272.0872173621708;56.49524193290503
1BRS_A_1BRS_B_allatom_415_DP.pdb;273.6845332529215;48.97654862689182
1BRS_A_1BRS_B_allatom_533_DP.pdb;275.2694349722278;27.337617490300378
1BRS_A_1BRS_B_allatom_701_DP.pdb;284.755766202677;25.054062205787993
1BRS_A_1BRS_B_allatom_662_DP.pdb;285.1415695989244;32.56747523025946
1BRS_A_1BRS_B_allatom_671_DP.pdb;288.7673559867716;41.662277194123696
1BRS_A_1BRS_B_allatom_59_DP.pdb;294.01434242434163;39.964158684886705
1BRS_A_1BRS_B_allatom_302_DP.pdb;300.0818725650037;47.43668736980577
1BRS_A_1BRS_B_allatom_821_DP.pdb;302.3153779394928;37.850734821516156
1BRS_A_1BRS_B_allatom_32_DP.pdb;312.6229980357001;33.81486020950708
1BRS_A_1BRS_B_allatom_131_DP.pdb;316.16586337459114;34.26246987191872
1BRS_A_1BRS_B_allatom_276_DP.pdb;319.02525637961764;22.101489911029894
1BRS_A_1BRS_B_allatom_425_DP.pdb;323.8780486944811;28.08881216967795
1BRS_A_1BRS_B_allatom_763_DP.pdb;323.97153536553407;48.21862165359369
1BRS_A_1BRS_B_allatom_287_DP.pdb;336.32163584470567;40.14662274755477
1BRS_A_1BRS_B_allatom_236_DP.pdb;339.8708211538418;40.138935710566756
1BRS_A_1BRS_B_allatom_409_DP.pdb;342.05106603258304;38.116208317836865
1BRS_A_1BRS_B_allatom_790_DP.pdb;345.55786865166374;19.253801542528695
1BRS_A_1BRS_B_allatom_292_DP.pdb;348.04900485765944;47.20189909765588
1BRS_A_1BRS_B_allatom_101_DP.pdb;355.1534931518685;43.51212479086827
1BRS_A_1BRS_B_allatom_108_DP.pdb;355.60085209799547;20.806899186258544
1BRS_A_1BRS_B_allatom_331_DP.pdb;358.46104453881736;20.934963263380244
1BRS_A_1BRS_B_allatom_547_DP.pdb;359.3505789519195;53.212168810608865
1BRS_A_1BRS_B_allatom_453_DP.pdb;359.44100454683917;35.694879017269
1BRS_A_1BRS_B_allatom_535_DP.pdb;360.77773368975704;29.67392834792356
1BRS_A_1BRS_B_allatom_621_DP.pdb;364.73598954547396;34.781885301330966
1BRS_A_1BRS_B_allatom_695_DP.pdb;365.2152304596064;46.239737562891264
1BRS_A_1BRS_B_allatom_579_DP.pdb;365.8062054862979;26.728580755782577
1BRS_A_1BRS_B_allatom_452_DP.pdb;365.84736018708816;28.565474001712783
1BRS_A_1BRS_B_allatom_586_DP.pdb;368.7511099952964;36.28494520609333
1BRS_A_1BRS_B_allatom_221_DP.pdb;374.3351236783384;51.338334966664284
1BRS_A_1BRS_B_allatom_443_DP.pdb;376.67355237880304;51.72945538318936
1BRS_A_1BRS_B_allatom_205_DP.pdb;380.37506830410126;30.17556718929078
1BRS_A_1BRS_B_allatom_798_DP.pdb;383.99663468477104;31.056818099593915
1BRS_A_1BRS_B_allatom_622_DP.pdb;392.26486466670957;51.19977461886906
1BRS_A_1BRS_B_allatom_759_DP.pdb;392.6715814228801;45.00758791505089
1BRS_A_1BRS_B_allatom_82_DP.pdb;400.1390868276813;28.226929720335896
1BRS_A_1BRS_B_allatom_254_DP.pdb;401.7440921157257;48.312100440304
1BRS_A_1BRS_B_allatom_305_DP.pdb;421.861384011735;42.333422851068356
1BRS_A_1BRS_B_allatom_891_DP.pdb;430.7431750338586;37.40955523859412
1BRS_A_1BRS_B_allatom_554_DP.pdb;440.8087820610322;28.146069227407637
1BRS_A_1BRS_B_allatom_587_DP.pdb;444.1335948209196;35.41103060058267
1BRS_A_1BRS_B_allatom_765_DP.pdb;461.5211423923124;16.57788998574036
1BRS_A_1BRS_B_allatom_528_DP.pdb;476.1724925683575;47.301395924457644
1BRS_A_1BRS_B_allatom_851_DP.pdb;484.9994170329349;36.081225453709024
1BRS_A_1BRS_B_allatom_80_DP.pdb;485.0773592192471;53.17848438259487
1BRS_A_1BRS_B_allatom_72_DP.pdb;493.8910460739094;26.852374781214504
1BRS_A_1BRS_B_allatom_808_DP.pdb;497.3468927603345;32.7228084481701
1BRS_A_1BRS_B_allatom_890_DP.pdb;498.39445852577467;51.766465247478415
1BRS_A_1BRS_B_allatom_930_DP.pdb;499.8141570431759;34.76486250164987
1BRS_A_1BRS_B_allatom_129_DP.pdb;511.64518627480055;51.88317880839961
1BRS_A_1BRS_B_allatom_558_DP.pdb;513.9968888749312;46.384622319887676
1BRS_A_1BRS_B_allatom_19_DP.pdb;515.4806968134699;25.697705238352338
1BRS_A_1BRS_B_allatom_234_DP.pdb;524.2666218394232;35.71971053737086
1BRS_A_1BRS_B_allatom_634_DP.pdb;524.7169374367807;55.06314555304122
1BRS_A_1BRS_B_allatom_917_DP.pdb;527.7072610182295;48.34493020193415
1BRS_A_1BRS_B_allatom_630_DP.pdb;531.0413759604261;46.49093392746888
1BRS_A_1BRS_B_allatom_231_DP.pdb;535.3737560394464;43.080937409890964
1BRS_A_1BRS_B_allatom_720_DP.pdb;539.4266200296655;41.80784604537793
1BRS_A_1BRS_B_allatom_618_DP.pdb;543.6450451050649;53.777011137093524
1BRS_A_1BRS_B_allatom_77_DP.pdb;550.2190001250116;45.26405199874209
1BRS_A_1BRS_B_allatom_668_DP.pdb;552.3062220006301;33.23899452899938
1BRS_A_1BRS_B_allatom_599_DP.pdb;561.457798761714;40.22126102008709
1BRS_A_1BRS_B_allatom_340_DP.pdb;564.7757272455065;53.68223162297734
1BRS_A_1BRS_B_allatom_444_DP.pdb;574.1696303842365;17.514105361370746
1BRS_A_1BRS_B_allatom_496_DP.pdb;575.0282499067558;48.24648985683566
1BRS_A_1BRS_B_allatom_873_DP.pdb;578.4038085989198;41.28530439598291
1BRS_A_1BRS_B_allatom_508_DP.pdb;586.5411092020634;16.867635230015903
1BRS_A_1BRS_B_allatom_319_DP.pdb;591.671243660011;36.77565541067973
1BRS_A_1BRS_B_allatom_115_DP.pdb;598.2905324504864;21.135257796545485
1BRS_A_1BRS_B_allatom_113_DP.pdb;609.2156964632505;40.661147889191064
1BRS_A_1BRS_B_allatom_534_DP.pdb;612.3445470410888;47.17237413654479
1BRS_A_1BRS_B_allatom_542_DP.pdb;624.2762023661795;41.40713879536222
1BRS_A_1BRS_B_allatom_548_DP.pdb;632.1126249263503;45.48533425333852
1BRS_A_1BRS_B_allatom_398_DP.pdb;637.1421391063797;47.05369211697505
1BRS_A_1BRS_B_allatom_666_DP.pdb;639.1260492606834;20.631357819936444
1BRS_A_1BRS_B_allatom_17_DP.pdb;640.3360406450678;51.688360325269954
1BRS_A_1BRS_B_allatom_684_DP.pdb;640.5137341572656;42.780735899910965
1BRS_A_1BRS_B_allatom_745_DP.pdb;641.9728404143939;37.77246383492768
1BRS_A_1BRS_B_allatom_73_DP.pdb;643.7793909302347;50.56379450230436
1BRS_A_1BRS_B_allatom_881_DP.pdb;645.9194929850953;40.27053867126144
1BRS_A_1BRS_B_allatom_503_DP.pdb;646.9891194555994;43.33400437937538
1BRS_A_1BRS_B_allatom_651_DP.pdb;654.6105515463623;48.955041720093476
1BRS_A_1BRS_B_allatom_8_DP.pdb;659.0921521651784;13.523894434598379
1BRS_A_1BRS_B_allatom_164_DP.pdb;663.630212021764;23.362388114035014
1BRS_A_1BRS_B_allatom_450_DP.pdb;678.9000931781491;45.59319752901238
1BRS_A_1BRS_B_allatom_6_DP.pdb;697.1337392555403;42.164580058589955
1BRS_A_1BRS_B_allatom_187_DP.pdb;702.063670621349;40.29624176010098
1BRS_A_1BRS_B_allatom_902_DP.pdb;718.6052918083167;35.83883219727406
1BRS_A_1BRS_B_allatom_244_DP.pdb;749.8899050721643;22.451684995005216
1BRS_A_1BRS_B_allatom_312_DP.pdb;750.8405617668717;48.594107689728375
1BRS_A_1BRS_B_allatom_316_DP.pdb;753.0530641353935;45.816613120560106
1BRS_A_1BRS_B_allatom_280_DP.pdb;762.6322076449658;32.9405624680673
1BRS_A_1BRS_B_allatom_160_DP.pdb;763.8295171437688;43.226469529542946
1BRS_A_1BRS_B_allatom_10_DP.pdb;776.0147445798677;34.26678057251071
1BRS_A_1BRS_B_allatom_278_DP.pdb;776.41728906487;53.16642417074379
1BRS_A_1BRS_B_allatom_216_DP.pdb;780.119912779005;48.90673121478212
1BRS_A_1BRS_B_allatom_241_DP.pdb;783.8461858155275;41.55774185326398
1BRS_A_1BRS_B_allatom_368_DP.pdb;786.6660078008218;54.80356602133818
1BRS_A_1BRS_B_allatom_467_DP.pdb;788.3552010127968;46.9045660356058
1BRS_A_1BRS_B_allatom_294_DP.pdb;788.8454917018437;49.94752010596355
1BRS_A_1BRS_B_allatom_440_DP.pdb;796.2756059888148;36.12404256966145
1BRS_A_1BRS_B_allatom_175_DP.pdb;798.4104437795186;44.67640867946139
1BRS_A_1BRS_B_allatom_811_DP.pdb;812.6500582218532;27.432951525953
1BRS_A_1BRS_B_allatom_929_DP.pdb;827.1720141042875;41.46496770145562
1BRS_A_1BRS_B_allatom_79_DP.pdb;845.9220715682317;33.33198537372208
1BRS_A_1BRS_B_allatom_150_DP.pdb;867.3335488586123;48.21622357969727
1BRS_A_1BRS_B_allatom_233_DP.pdb;874.7651661784017;49.340921332526094
1BRS_A_1BRS_B_allatom_26_DP.pdb;874.8131470589376;25.369028243795285
1BRS_A_1BRS_B_allatom_819_DP.pdb;875.4329923910037;22.144613455983883
1BRS_A_1BRS_B_allatom_191_DP.pdb;878.6174711898184;49.23311091195605
1BRS_A_1BRS_B_allatom_636_DP.pdb;883.0280977332906;34.883231690160606
1BRS_A_1BRS_B_allatom_196_DP.pdb;889.0506513853461;25.032935612035633
1BRS_A_1BRS_B_allatom_704_DP.pdb;898.3898543820901;38.76206408199325
1BRS_A_1BRS_B_allatom_472_DP.pdb;902.2411436838731;35.82055876233615
1BRS_A_1BRS_B_allatom_889_DP.pdb;916.4926287185233;27.90398796283221
1BRS_A_1BRS_B_allatom_473_DP.pdb;957.7313510705504;40.459958006324754
1BRS_A_1BRS_B_allatom_834_DP.pdb;960.5119440948083;37.90393776134732
1BRS_A_1BRS_B_allatom_66_DP.pdb;971.4436913462823;40.13147536621306
1BRS_A_1BRS_B_allatom_188_DP.pdb;972.2523443657409;48.89624403117607
1BRS_A_1BRS_B_allatom_876_DP.pdb;989.8969676546575;42.09765824117542
1BRS_A_1BRS_B_allatom_127_DP.pdb;991.1389658854577;16.457608670093325
1BRS_A_1BRS_B_allatom_861_DP.pdb;1021.9474669904067;38.29003606233836
1BRS_A_1BRS_B_allatom_733_DP.pdb;1024.1326877531776;45.10592911035141
1BRS_A_1BRS_B_allatom_13_DP.pdb;1026.4289694347965;48.1231454588182
1BRS_A_1BRS_B_allatom_679_DP.pdb;1049.9966627561182;39.94113665852179
1BRS_A_1BRS_B_allatom_711_DP.pdb;1050.7023905033316;38.856482554468926
1BRS_A_1BRS_B_allatom_212_DP.pdb;1119.3524846271596;45.92147149347935
1BRS_A_1BRS_B_allatom_464_DP.pdb;1125.5621057015103;30.16737770864567
1BRS_A_1BRS_B_allatom_878_DP.pdb;1133.9684729733488;28.83678160498036
1BRS_A_1BRS_B_allatom_448_DP.pdb;1175.1059041784329;33.20978975608967
1BRS_A_1BRS_B_allatom_298_DP.pdb;1206.7308952099359;41.08974203643398
1BRS_A_1BRS_B_allatom_124_DP.pdb;1221.5477482419699;43.03685350351206
1BRS_A_1BRS_B_allatom_797_DP.pdb;1241.7981075960986;46.646288512961924
1BRS_A_1BRS_B_allatom_239_DP.pdb;1248.0307720248281;44.2888724508258
1BRS_A_1BRS_B_allatom_321_DP.pdb;1248.3002207633215;47.766769488743996
1BRS_A_1BRS_B_allatom_78_DP.pdb;1252.7915735152014;30.394638670085506
1BRS_A_1BRS_B_allatom_200_DP.pdb;1258.3871991860044;43.08109274807009
1BRS_A_1BRS_B_allatom_685_DP.pdb;1303.7401172428963;50.78472435604568
1BRS_A_1BRS_B_allatom_776_DP.pdb;1327.2272210484957;53.54699436288512
1BRS_A_1BRS_B_allatom_624_DP.pdb;1330.2343780580882;39.82737000011972
1BRS_A_1BRS_B_allatom_286_DP.pdb;1334.1112160057362;29.282361618259696
1BRS_A_1BRS_B_allatom_594_DP.pdb;1351.200087095354;47.345439798492144
1BRS_A_1BRS_B_allatom_399_DP.pdb;1387.7632801305258;34.024005350685094
1BRS_A_1BRS_B_allatom_258_DP.pdb;1399.8323530940831;48.87585820794577
1BRS_A_1BRS_B_allatom_596_DP.pdb;1410.5534610667946;39.14447316958216
1BRS_A_1BRS_B_allatom_866_DP.pdb;1423.9185356708567;47.76561621732405
1BRS_A_1BRS_B_allatom_710_DP.pdb;1428.8681699887152;43.812467578816275
1BRS_A_1BRS_B_allatom_431_DP.pdb;1429.0423295823452;44.30169665194979
1BRS_A_1BRS_B_allatom_699_DP.pdb;1429.4443448831105;16.34068406958745
1BRS_A_1BRS_B_allatom_466_DP.pdb;1431.7737156878384;46.93316575274582
1BRS_A_1BRS_B_allatom_186_DP.pdb;1434.4377583062806;34.71869943204776
1BRS_A_1BRS_B_allatom_810_DP.pdb;1439.4524759939447;52.89097872005695
1BRS_A_1BRS_B_allatom_571_DP.pdb;1448.1039502210367;41.613941428268994
1BRS_A_1BRS_B_allatom_430_DP.pdb;1474.2877035722706;39.60716786370755
1BRS_A_1BRS_B_allatom_752_DP.pdb;1481.663563487136;33.97050760755486
1BRS_A_1BRS_B_allatom_230_DP.pdb;1488.8760972418218;46.86987696829371
1BRS_A_1BRS_B_allatom_392_DP.pdb;1503.2026226699522;42.66251334939558
1BRS_A_1BRS_B_allatom_940_DP.pdb;1505.7042104261084;48.93968910812574
1BRS_A_1BRS_B_allatom_896_DP.pdb;1515.8451249451216;38.10517933254635
1BRS_A_1BRS_B_allatom_446_DP.pdb;1555.389370374684;37.04850866994064
1BRS_A_1BRS_B_allatom_673_DP.pdb;1568.3349935164435;40.73470412441274
1BRS_A_1BRS_B_allatom_98_DP.pdb;1583.5385623002112;48.58263962332754
1BRS_A_1BRS_B_allatom_879_DP.pdb;1604.0271362630378;28.58193762404549
1BRS_A_1BRS_B_allatom_681_DP.pdb;1623.4295596536206;16.353941958980446
1BRS_A_1BRS_B_allatom_135_DP.pdb;1657.0776846353617;26.74159404459609
1BRS_A_1BRS_B_allatom_142_DP.pdb;1657.5755281854613;28.379666032274734
1BRS_A_1BRS_B_allatom_641_DP.pdb;1663.1797966421368;33.63207686140561
1BRS_A_1BRS_B_allatom_14_DP.pdb;1668.0225056729078;52.08443317003342
1BRS_A_1BRS_B_allatom_802_DP.pdb;1672.3250773863151;40.5374189220536
1BRS_A_1BRS_B_allatom_20_DP.pdb;1683.038971927286;44.27174888509405
1BRS_A_1BRS_B_allatom_119_DP.pdb;1719.3811866033166;38.01205592558307
1BRS_A_1BRS_B_allatom_438_DP.pdb;1743.1334117001013;43.226294717451786
1BRS_A_1BRS_B_allatom_387_DP.pdb;1759.4661159586476;26.667176447210657
1BRS_A_1BRS_B_allatom_727_DP.pdb;1762.2590632011847;47.675251103136596
1BRS_A_1BRS_B_allatom_859_DP.pdb;1766.8466373291324;49.34153655582339
1BRS_A_1BRS_B_allatom_454_DP.pdb;1774.4543401189849;38.60971712200673
1BRS_A_1BRS_B_allatom_858_DP.pdb;1788.0129566160306;28.436244183917047
1BRS_A_1BRS_B_allatom_696_DP.pdb;1804.5625108700333;24.73745773021195
1BRS_A_1BRS_B_allatom_173_DP.pdb;1810.8706956328658;37.9715258162757
1BRS_A_1BRS_B_allatom_567_DP.pdb;1817.8686543562112;41.67893224207022
1BRS_A_1BRS_B_allatom_844_DP.pdb;1831.6834842383043;41.37060539789701
1BRS_A_1BRS_B_allatom_463_DP.pdb;1857.9072674447007;26.1858916912651
1BRS_A_1BRS_B_allatom_784_DP.pdb;1864.3760712590154;51.75828690504379
1BRS_A_1BRS_B_allatom_644_DP.pdb;1868.2588876425768;50.986446828274026
1BRS_A_1BRS_B_allatom_556_DP.pdb;1903.3841136953888;40.462061437760475
1BRS_A_1BRS_B_allatom_756_DP.pdb;1912.0009570945467;50.059294685999824
1BRS_A_1BRS_B_allatom_192_DP.pdb;1920.6042575215836;38.04863720443799
1BRS_A_1BRS_B_allatom_791_DP.pdb;1931.3320209687458;50.68594098573287
1BRS_A_1BRS_B_allatom_898_DP.pdb;1941.8303840465685;52.41017978956677
1BRS_A_1BRS_B_allatom_840_DP.pdb;1955.7910340418402;39.29613873576168
1BRS_A_1BRS_B_allatom_380_DP.pdb;1960.25526687934;35.88744173778286
1BRS_A_1BRS_B_allatom_824_DP.pdb;1964.2003596240302;48.899050040487175
1BRS_A_1BRS_B_allatom_742_DP.pdb;1992.7198395087019;36.702166382393834
1BRS_A_1BRS_B_allatom_656_DP.pdb;2003.7249776315737;41.80849068154656
1BRS_A_1BRS_B_allatom_132_DP.pdb;2006.6086944505846;36.45140688374865
1BRS_A_1BRS_B_allatom_417_DP.pdb;2014.3658920262149;52.392570377803615
1BRS_A_1BRS_B_allatom_714_DP.pdb;2021.3194480864936;35.424750394240654
1BRS_A_1BRS_B_allatom_494_DP.pdb;2025.1776446558215;48.06474085549351
1BRS_A_1BRS_B_allatom_625_DP.pdb;2032.9350833943822;49.431308533143756
1BRS_A_1BRS_B_allatom_901_DP.pdb;2038.5002148457552;51.09188923799986
1BRS_A_1BRS_B_allatom_361_DP.pdb;2053.636343913432;54.437796967109016
1BRS_A_1BRS_B_allatom_562_DP.pdb;2066.5360221424658;46.70762476520184
1BRS_A_1BRS_B_allatom_479_DP.pdb;2097.0318183819654;37.80787358489623
1BRS_A_1BRS_B_allatom_31_DP.pdb;2105.0392199445646;40.576408785395735
1BRS_A_1BRS_B_allatom_459_DP.pdb;2111.8518985773303;37.3847268165681
1BRS_A_1BRS_B_allatom_770_DP.pdb;2116.841472314723;38.15692744082177
1BRS_A_1BRS_B_allatom_713_DP.pdb;2124.0788135949824;45.901254433438076
1BRS_A_1BRS_B_allatom_252_DP.pdb;2128.892370093036;32.79866281108731
1BRS_A_1BRS_B_allatom_199_DP.pdb;2131.5783267230763;51.404006979196105
1BRS_A_1BRS_B_allatom_525_DP.pdb;2139.31433112283;53.34043133776528
1BRS_A_1BRS_B_allatom_782_DP.pdb;2145.610357844975;29.47813926737349
1BRS_A_1BRS_B_allatom_723_DP.pdb;2150.1881096117168;25.02030002944046
1BRS_A_1BRS_B_allatom_86_DP.pdb;2179.0523351603724;47.381265166657414
1BRS_A_1BRS_B_allatom_245_DP.pdb;2257.2078211434527;48.292041030433346
1BRS_A_1BRS_B_allatom_225_DP.pdb;2264.72897127843;16.13437094079507
1BRS_A_1BRS_B_allatom_376_DP.pdb;2311.316620235795;34.5257823770458
1BRS_A_1BRS_B_allatom_799_DP.pdb;2316.8648036603695;36.771146716869794
1BRS_A_1BRS_B_allatom_256_DP.pdb;2318.029220825528;48.92804229612128
1BRS_A_1BRS_B_allatom_128_DP.pdb;2391.780212950866;54.27307199961931
1BRS_A_1BRS_B_allatom_772_DP.pdb;2402.140455299535;36.80236535501676
1BRS_A_1BRS_B_allatom_544_DP.pdb;2434.4804692968296;49.76981500800495
1BRS_A_1BRS_B_allatom_271_DP.pdb;2464.868655010334;47.135659318146
1BRS_A_1BRS_B_allatom_817_DP.pdb;2504.676739641024;18.202888908650998
1BRS_A_1BRS_B_allatom_23_DP.pdb;2554.203549628522;17.49963034322226
1BRS_A_1BRS_B_allatom_308_DP.pdb;2575.6574533233857;49.6728865725385
1BRS_A_1BRS_B_allatom_657_DP.pdb;2595.281527374461;47.82174397950559
1BRS_A_1BRS_B_allatom_111_DP.pdb;2619.5727618948313;49.030053482942776
1BRS_A_1BRS_B_allatom_546_DP.pdb;2635.2110754652613;37.76598383329305
1BRS_A_1BRS_B_allatom_158_DP.pdb;2636.1690684553864;43.26518599210032
1BRS_A_1BRS_B_allatom_947_DP.pdb;2642.4203986086404;20.95206410510353
1BRS_A_1BRS_B_allatom_437_DP.pdb;2663.8125107120527;36.721150988803835
1BRS_A_1BRS_B_allatom_176_DP.pdb;2667.266819590088;55.84122085353967
1BRS_A_1BRS_B_allatom_725_DP.pdb;2690.971339301121;20.223582575965533
1BRS_A_1BRS_B_allatom_520_DP.pdb;2693.0572396299904;33.871763481642375
1BRS_A_1BRS_B_allatom_178_DP.pdb;2744.5538225697032;35.98506169663108
1BRS_A_1BRS_B_allatom_580_DP.pdb;2809.8275365270592;18.225294164410904
1BRS_A_1BRS_B_allatom_646_DP.pdb;2811.940653202554;46.553365998653604
1BRS_A_1BRS_B_allatom_730_DP.pdb;2817.995643868089;38.81968005177063
1BRS_A_1BRS_B_allatom_565_DP.pdb;2819.7956876601797;28.072168097212597
1BRS_A_1BRS_B_allatom_700_DP.pdb;2847.071537141142;38.21278931270879
1BRS_A_1BRS_B_allatom_9_DP.pdb;2921.71864582161;54.75953065569667
1BRS_A_1BRS_B_allatom_795_DP.pdb;2954.405035666923;20.786943810683322
1BRS_A_1BRS_B_allatom_329_DP.pdb;2996.2403952717327;43.2099767281883
1BRS_A_1BRS_B_allatom_56_DP.pdb;3018.579783229558;44.11637521921717
1BRS_A_1BRS_B_allatom_481_DP.pdb;3021.312643005489;57.049756784717346
1BRS_A_1BRS_B_allatom_682_DP.pdb;3051.9790777171243;36.15304887653274
1BRS_A_1BRS_B_allatom_367_DP.pdb;3098.4978572916093;42.659362524538494
1BRS_A_1BRS_B_allatom_215_DP.pdb;3113.2317969393876;41.201540706461536
1BRS_A_1BRS_B_allatom_67_DP.pdb;3124.0596515879174;28.420630030144387
1BRS_A_1BRS_B_allatom_210_DP.pdb;3146.793669755671;42.72887404804617
1BRS_A_1BRS_B_allatom_410_DP.pdb;3168.6542280608405;30.664821020672623
1BRS_A_1BRS_B_allatom_942_DP.pdb;3179.5411351527764;20.84396897530981
1BRS_A_1BRS_B_allatom_609_DP.pdb;3199.2018150081067;19.515594858424404
1BRS_A_1BRS_B_allatom_68_DP.pdb;3213.846344331739;43.446081603933294
1BRS_A_1BRS_B_allatom_845_DP.pdb;3267.8103851219485;53.622408736149346
1BRS_A_1BRS_B_allatom_474_DP.pdb;3269.9528374814436;45.33347838207865
1BRS_A_1BRS_B_allatom_227_DP.pdb;3304.2682709480873;46.58909245723194
1BRS_A_1BRS_B_allatom_295_DP.pdb;3331.387523793846;18.47556880402289
1BRS_A_1BRS_B_allatom_146_DP.pdb;3374.61674487123;42.99196494093703
1BRS_A_1BRS_B_allatom_601_DP.pdb;3385.2585016018597;28.87065057912739
1BRS_A_1BRS_B_allatom_359_DP.pdb;3388.6126037995223;31.35051834490545
1BRS_A_1BRS_B_allatom_202_DP.pdb;3420.6399849587533;31.717301203116183
1BRS_A_1BRS_B_allatom_144_DP.pdb;3452.2999989855057;19.181150205824228
1BRS_A_1BRS_B_allatom_261_DP.pdb;3563.143107468808;29.679583132509467
1BRS_A_1BRS_B_allatom_424_DP.pdb;3574.935963328704;21.50092689100667
1BRS_A_1BRS_B_allatom_138_DP.pdb;3642.1451736364456;45.46927700359755
1BRS_A_1BRS_B_allatom_69_DP.pdb;3654.6092190287686;36.80086378156041
1BRS_A_1BRS_B_allatom_783_DP.pdb;3682.041423503286;33.60493697805205
1BRS_A_1BRS_B_allatom_908_DP.pdb;3743.189459978696;38.475370887803315
1BRS_A_1BRS_B_allatom_719_DP.pdb;3797.1868869278946;41.918988961057266
1BRS_A_1BRS_B_allatom_842_DP.pdb;3867.9575384411705;40.79251490092917
1BRS_A_1BRS_B_allatom_88_DP.pdb;3889.5386971740445;20.541992644449024
1BRS_A_1BRS_B_allatom_195_DP.pdb;4024.3346391729765;45.252982954705324
1BRS_A_1BRS_B_allatom_827_DP.pdb;4026.507523379373;26.06445644449786
1BRS_A_1BRS_B_allatom_793_DP.pdb;4157.482533638367;26.585431641468947
1BRS_A_1BRS_B_allatom_313_DP.pdb;4299.540304128098;25.09082806662557
1BRS_A_1BRS_B_allatom_38_DP.pdb;4302.957640056408;53.01652758978243
1BRS_A_1BRS_B_allatom_483_DP.pdb;4321.162145755558;54.19070098676323
1BRS_A_1BRS_B_allatom_197_DP.pdb;4454.363929261699;37.79699463695767
1BRS_A_1BRS_B_allatom_674_DP.pdb;4539.455928482;35.10648947246734
1BRS_A_1BRS_B_allatom_390_DP.pdb;4556.371465664737;35.1488242729414
1BRS_A_1BRS_B_allatom_403_DP.pdb;4567.79235993869;47.35213476441295
1BRS_A_1BRS_B_allatom_697_DP.pdb;4631.06924796762;48.10021175999459
1BRS_A_1BRS_B_allatom_702_DP.pdb;4644.405465261578;44.55777280722444
1BRS_A_1BRS_B_allatom_545_DP.pdb;4675.522152271492;34.492413103480445
1BRS_A_1BRS_B_allatom_549_DP.pdb;4706.348574303412;44.73725859142312
1BRS_A_1BRS_B_allatom_632_DP.pdb;4708.928094853295;51.723681818172864
1BRS_A_1BRS_B_allatom_726_DP.pdb;4803.721147991027;47.724841316306815
1BRS_A_1BRS_B_allatom_436_DP.pdb;4812.650046532125;46.999679918939435
1BRS_A_1BRS_B_allatom_193_DP.pdb;4833.936687737557;27.52591194079524
1BRS_A_1BRS_B_allatom_318_DP.pdb;4879.877179514551;41.73408222456121
1BRS_A_1BRS_B_allatom_471_DP.pdb;4923.751667307449;48.47906974362129
1BRS_A_1BRS_B_allatom_141_DP.pdb;5010.586601770476;24.75778513458171
1BRS_A_1BRS_B_allatom_136_DP.pdb;5100.6560559017535;56.09174247134121
1BRS_A_1BRS_B_allatom_421_DP.pdb;5143.168346359309;17.566769510157197
1BRS_A_1BRS_B_allatom_423_DP.pdb;5355.291801194994;54.063002988956406
1BRS_A_1BRS_B_allatom_29_DP.pdb;5440.052727140128;51.67907266247018
1BRS_A_1BRS_B_allatom_25_DP.pdb;5475.524558598219;29.098926853262036
1BRS_A_1BRS_B_allatom_279_DP.pdb;5502.490019871153;46.00350770646571
1BRS_A_1BRS_B_allatom_462_DP.pdb;5544.108505178873;33.765464858734525
1BRS_A_1BRS_B_allatom_477_DP.pdb;5545.644618757711;38.23254444420566
1BRS_A_1BRS_B_allatom_672_DP.pdb;5559.8395240320415;32.21005666490394
1BRS_A_1BRS_B_allatom_364_DP.pdb;5575.301870765659;35.57159307003595
1BRS_A_1BRS_B_allatom_478_DP.pdb;5619.948270599864;45.768965331010754
1BRS_A_1BRS_B_allatom_157_DP.pdb;5668.425437955024;26.18067806323157
1BRS_A_1BRS_B_allatom_921_DP.pdb;5699.71639630266;40.95081087740805
1BRS_A_1BRS_B_allatom_272_DP.pdb;5735.138773407418;40.517953509354435
1BRS_A_1BRS_B_allatom_306_DP.pdb;5750.04303082273;50.5108931131885
1BRS_A_1BRS_B_allatom_355_DP.pdb;5756.180532257186;35.14048393873191
1BRS_A_1BRS_B_allatom_916_DP.pdb;5774.705745833456;24.130239379132828
1BRS_A_1BRS_B_allatom_833_DP.pdb;5785.205784786782;45.71949315456531
1BRS_A_1BRS_B_allatom_613_DP.pdb;5802.183026234755;57.066439901123196
1BRS_A_1BRS_B_allatom_457_DP.pdb;5866.789987730769;55.91791457682135
1BRS_A_1BRS_B_allatom_411_DP.pdb;5883.232237416116;42.38032977447324
1BRS_A_1BRS_B_allatom_515_DP.pdb;5925.934104381961;43.333981237154624
1BRS_A_1BRS_B_allatom_920_DP.pdb;5939.590112411198;40.59365091358811
1BRS_A_1BRS_B_allatom_396_DP.pdb;6103.564167571633;45.180488804451805
1BRS_A_1BRS_B_allatom_333_DP.pdb;6201.231136323029;38.878904405475666
1BRS_A_1BRS_B_allatom_365_DP.pdb;6240.362787540577;49.68321792750731
1BRS_A_1BRS_B_allatom_126_DP.pdb;6271.625686230696;47.526940601663206
1BRS_A_1BRS_B_allatom_754_DP.pdb;6336.798642048676;15.73911256717795
1BRS_A_1BRS_B_allatom_62_DP.pdb;6345.098325173347;14.025018621087074
1BRS_A_1BRS_B_allatom_290_DP.pdb;6378.242203958556;42.05879475361172
1BRS_A_1BRS_B_allatom_738_DP.pdb;6420.253142350474;53.86363638974291
1BRS_A_1BRS_B_allatom_117_DP.pdb;6567.027370699496;45.800152325199676
1BRS_A_1BRS_B_allatom_775_DP.pdb;6622.61311868034;35.76800004033015
1BRS_A_1BRS_B_allatom_838_DP.pdb;6711.228528614009;34.4651998403387
1BRS_A_1BRS_B_allatom_177_DP.pdb;6837.39411938544;23.97988816228846
1BRS_A_1BRS_B_allatom_40_DP.pdb;6848.521304780613;48.05697107098242
1BRS_A_1BRS_B_allatom_570_DP.pdb;6867.6925701934315;40.45112758881879
1BRS_A_1BRS_B_allatom_303_DP.pdb;6931.831073716132;44.07988083953478
1BRS_A_1BRS_B_allatom_208_DP.pdb;6957.2348720112;54.27929336291153
1BRS_A_1BRS_B_allatom_384_DP.pdb;6996.993904542768;34.57318349713311
1BRS_A_1BRS_B_allatom_15_DP.pdb;7160.366180106125;35.39804022937513
1BRS_A_1BRS_B_allatom_541_DP.pdb;7231.4464650966365;43.20717429252725
1BRS_A_1BRS_B_allatom_760_DP.pdb;7296.205108010723;41.20736883912485
1BRS_A_1BRS_B_allatom_539_DP.pdb;7586.016530233287;42.67603582646903
1BRS_A_1BRS_B_allatom_432_DP.pdb;7652.800583582504;46.4079712715416
1BRS_A_1BRS_B_allatom_677_DP.pdb;7669.590686961853;48.33483827855218
1BRS_A_1BRS_B_allatom_393_DP.pdb;7812.342153641037;47.232954281163025
1BRS_A_1BRS_B_allatom_914_DP.pdb;7832.882022816131;41.747539609793336
1BRS_A_1BRS_B_allatom_485_DP.pdb;7868.383255177307;35.89716880889429
1BRS_A_1BRS_B_allatom_826_DP.pdb;7897.513789150728;35.34431537882296
1BRS_A_1BRS_B_allatom_394_DP.pdb;8024.48378642854;50.4038249827982
1BRS_A_1BRS_B_allatom_606_DP.pdb;8086.314151938894;46.1533241134822
1BRS_A_1BRS_B_allatom_293_DP.pdb;8254.078687239122;43.08292901226496
1BRS_A_1BRS_B_allatom_41_DP.pdb;8460.883309841507;51.413157120448794
1BRS_A_1BRS_B_allatom_762_DP.pdb;8461.953838480373;36.01208516483792
1BRS_A_1BRS_B_allatom_493_DP.pdb;8546.478524583124;45.860744853493614
1BRS_A_1BRS_B_allatom_414_DP.pdb;8685.036168144192;20.85319880034947
1BRS_A_1BRS_B_allatom_915_DP.pdb;8818.99165061492;46.34816478369012
1BRS_A_1BRS_B_allatom_137_DP.pdb;8908.455804559373;45.804188413112485
1BRS_A_1BRS_B_allatom_932_DP.pdb;8966.549855289379;56.139452196058734
1BRS_A_1BRS_B_allatom_663_DP.pdb;8985.682271903117;49.2144552050151
1BRS_A_1BRS_B_allatom_325_DP.pdb;9111.249956383843;58.51518888828937
1BRS_A_1BRS_B_allatom_339_DP.pdb;9147.336735265495;38.00716499329549
1BRS_A_1BRS_B_allatom_194_DP.pdb;9189.858234548312;35.63327158161589
1BRS_A_1BRS_B_allatom_883_DP.pdb;9206.640841218454;48.096392570772295
1BRS_A_1BRS_B_allatom_488_DP.pdb;9217.959808299605;46.033253634561916
1BRS_A_1BRS_B_allatom_116_DP.pdb;9280.63318034421;38.14331921904512
1BRS_A_1BRS_B_allatom_785_DP.pdb;9284.538336667378;37.94060521121274
1BRS_A_1BRS_B_allatom_905_DP.pdb;9465.720650935304;41.252955438674796
1BRS_A_1BRS_B_allatom_627_DP.pdb;9592.980849946462;56.669891832527306
1BRS_A_1BRS_B_allatom_692_DP.pdb;9700.965906130396;42.96239379902532
1BRS_A_1BRS_B_allatom_301_DP.pdb;9758.454038419657;49.380433349588
1BRS_A_1BRS_B_allatom_857_DP.pdb;9924.560799534514;25.333305684800397
1BRS_A_1BRS_B_allatom_779_DP.pdb;10215.189605270252;35.65049643783895
1BRS_A_1BRS_B_allatom_429_DP.pdb;10322.06008021034;23.449441680974523
1BRS_A_1BRS_B_allatom_909_DP.pdb;10331.79131636882;43.07719596846742
1BRS_A_1BRS_B_allatom_3_DP.pdb;10382.396261637165;22.45862813770214
1BRS_A_1BRS_B_allatom_492_DP.pdb;10496.48887617725;46.41268198604699
1BRS_A_1BRS_B_allatom_805_DP.pdb;10538.790116739066;54.807168599313385
1BRS_A_1BRS_B_allatom_149_DP.pdb;10560.354406730077;33.324500194922344
1BRS_A_1BRS_B_allatom_451_DP.pdb;10642.687290112284;21.676456203983584
1BRS_A_1BRS_B_allatom_744_DP.pdb;10844.341053135842;45.90891261940922
1BRS_A_1BRS_B_allatom_518_DP.pdb;10995.51754024036;44.96978581889957
1BRS_A_1BRS_B_allatom_348_DP.pdb;11406.590002627261;39.42362994915379
1BRS_A_1BRS_B_allatom_899_DP.pdb;11439.985747498748;41.8452466635499
1BRS_A_1BRS_B_allatom_561_DP.pdb;11445.203477497513;44.99348127382379
1BRS_A_1BRS_B_allatom_649_DP.pdb;11797.802811103566;19.558005003684247
1BRS_A_1BRS_B_allatom_4_DP.pdb;11898.078868712306;50.02375385283211
1BRS_A_1BRS_B_allatom_607_DP.pdb;12165.100786283485;43.36658030706059
1BRS_A_1BRS_B_allatom_162_DP.pdb;12267.662061948631;51.55660444152845
1BRS_A_1BRS_B_allatom_154_DP.pdb;12342.00648230995;41.184774959022015
1BRS_A_1BRS_B_allatom_105_DP.pdb;12502.113596269744;23.757926650849107
1BRS_A_1BRS_B_allatom_300_DP.pdb;12621.35512314737;18.885452391880296
1BRS_A_1BRS_B_allatom_514_DP.pdb;12736.953210529377;20.67401999261809
1BRS_A_1BRS_B_allatom_246_DP.pdb;12941.081868738613;49.95246833016225
1BRS_A_1BRS_B_allatom_758_DP.pdb;13116.740437078748;43.79617173436745
1BRS_A_1BRS_B_allatom_189_DP.pdb;13137.639732887106;53.0345926091489
1BRS_A_1BRS_B_allatom_653_DP.pdb;13348.193037251092;43.07750013264653
1BRS_A_1BRS_B_allatom_614_DP.pdb;13475.446152315122;29.198764310966236
1BRS_A_1BRS_B_allatom_884_DP.pdb;13666.515263611025;58.208852801637995
1BRS_A_1BRS_B_allatom_708_DP.pdb;13694.876756402948;54.912118500340185
1BRS_A_1BRS_B_allatom_182_DP.pdb;13821.314054068089;50.31756282827111
1BRS_A_1BRS_B_allatom_645_DP.pdb;13851.503462212033;46.626706499971476
1BRS_A_1BRS_B_allatom_491_DP.pdb;14296.797357252579;33.15511470415955
1BRS_A_1BRS_B_allatom_345_DP.pdb;14362.734534489871;16.937794972110193
1BRS_A_1BRS_B_allatom_716_DP.pdb;14523.378567407095;48.4050230947636
1BRS_A_1BRS_B_allatom_170_DP.pdb;14573.376370664384;20.051016698790427
1BRS_A_1BRS_B_allatom_703_DP.pdb;14847.26232250136;32.81806651883202
1BRS_A_1BRS_B_allatom_512_DP.pdb;14848.228283672703;42.6472215223303
1BRS_A_1BRS_B_allatom_166_DP.pdb;14907.238118593896;37.434880038925414
1BRS_A_1BRS_B_allatom_402_DP.pdb;15185.753179765832;19.637844405548996
1BRS_A_1BRS_B_allatom_281_DP.pdb;15232.215527353479;43.028678395591754
1BRS_A_1BRS_B_allatom_291_DP.pdb;15412.795015575073;43.13344345755097
1BRS_A_1BRS_B_allatom_183_DP.pdb;15540.99804600767;42.742453156540755
1BRS_A_1BRS_B_allatom_486_DP.pdb;15598.414545373047;38.64645513936667
1BRS_A_1BRS_B_allatom_557_DP.pdb;15636.76931180381;35.466324158585124
1BRS_A_1BRS_B_allatom_924_DP.pdb;16172.032823987864;36.87011356753269
1BRS_A_1BRS_B_allatom_936_DP.pdb;16241.953485570903;54.1672959051692
1BRS_A_1BRS_B_allatom_938_DP.pdb;16334.136113313789;34.607333138260294
1BRS_A_1BRS_B_allatom_904_DP.pdb;16458.978384049497;41.79620311689217
1BRS_A_1BRS_B_allatom_683_DP.pdb;16557.941753454867;47.74908042576052
1BRS_A_1BRS_B_allatom_30_DP.pdb;16590.139142619533;35.71116853471674
1BRS_A_1BRS_B_allatom_213_DP.pdb;16744.58927568938;49.364389281524915
1BRS_A_1BRS_B_allatom_655_DP.pdb;16884.615659298153;29.219613403077172
1BRS_A_1BRS_B_allatom_880_DP.pdb;17146.483621093997;24.65482131884894
1BRS_A_1BRS_B_allatom_174_DP.pdb;17482.068448695318;24.92540858563646
1BRS_A_1BRS_B_allatom_353_DP.pdb;17703.51402816579;21.76364648098809
1BRS_A_1BRS_B_allatom_159_DP.pdb;17792.103418656126;36.278678361789325
1BRS_A_1BRS_B_allatom_232_DP.pdb;17921.309824810476;42.52944303142493
1BRS_A_1BRS_B_allatom_531_DP.pdb;17962.27877897763;44.730345073973915
1BRS_A_1BRS_B_allatom_678_DP.pdb;18548.95130174603;42.20676923236938
1BRS_A_1BRS_B_allatom_235_DP.pdb;18704.066407451148;10.013896190197197
1BRS_A_1BRS_B_allatom_664_DP.pdb;18726.896470997643;13.71049704281065
1BRS_A_1BRS_B_allatom_669_DP.pdb;19057.782907692508;51.825184448995586
1BRS_A_1BRS_B_allatom_943_DP.pdb;19103.945268455034;28.74180815007351
1BRS_A_1BRS_B_allatom_598_DP.pdb;19221.428003459816;27.204916256602143
1BRS_A_1BRS_B_allatom_373_DP.pdb;19270.028978984672;44.32753567310701
1BRS_A_1BRS_B_allatom_934_DP.pdb;19363.78863206908;43.61385504366835
1BRS_A_1BRS_B_allatom_660_DP.pdb;19422.614888312113;42.392496494750944
1BRS_A_1BRS_B_allatom_749_DP.pdb;19511.740552788582;40.382130652344095
1BRS_A_1BRS_B_allatom_418_DP.pdb;19535.943218670767;37.704163400553426
1BRS_A_1BRS_B_allatom_722_DP.pdb;19630.75484525894;20.266147945569823
1BRS_A_1BRS_B_allatom_401_DP.pdb;19678.88821903941;32.753602980365415
1BRS_A_1BRS_B_allatom_676_DP.pdb;19960.87366320879;42.83851858855613
1BRS_A_1BRS_B_allatom_487_DP.pdb;21151.68568567323;50.869650578822494
1BRS_A_1BRS_B_allatom_100_DP.pdb;21264.791031153032;39.03803162832103
1BRS_A_1BRS_B_allatom_495_DP.pdb;21436.430827722237;38.59032895494122
1BRS_A_1BRS_B_allatom_847_DP.pdb;21518.856282588662;49.72802333174684
1BRS_A_1BRS_B_allatom_563_DP.pdb;21562.017461776457;30.779571150284106
1BRS_A_1BRS_B_allatom_807_DP.pdb;21721.53122244334;34.14240139020181
1BRS_A_1BRS_B_allatom_837_DP.pdb;21740.994072293823;49.39554079843761
1BRS_A_1BRS_B_allatom_855_DP.pdb;22533.38213198904;26.17897898705367
1BRS_A_1BRS_B_allatom_91_DP.pdb;23424.022323651596;53.09103881828456
1BRS_A_1BRS_B_allatom_809_DP.pdb;23650.619287356698;22.429902631731718
1BRS_A_1BRS_B_allatom_933_DP.pdb;23977.575504735418;38.86324402163383
1BRS_A_1BRS_B_allatom_686_DP.pdb;24011.077249144826;44.840732392610924
1BRS_A_1BRS_B_allatom_675_DP.pdb;24331.433987683515;19.762132901197624
1BRS_A_1BRS_B_allatom_42_DP.pdb;24689.90163922286;19.91332772781592
1BRS_A_1BRS_B_allatom_439_DP.pdb;24842.803842013083;33.310497474519956
1BRS_A_1BRS_B_allatom_585_DP.pdb;25013.26972837882;31.483324646622027
1BRS_A_1BRS_B_allatom_582_DP.pdb;25839.51844763375;30.867198414587563
1BRS_A_1BRS_B_allatom_885_DP.pdb;26072.88067174571;36.858941913733766
1BRS_A_1BRS_B_allatom_203_DP.pdb;26942.233651528113;35.57505111134365
1BRS_A_1BRS_B_allatom_871_DP.pdb;27034.398382815707;31.05417443443953
1BRS_A_1BRS_B_allatom_274_DP.pdb;28102.23205831693;52.51393392639031
1BRS_A_1BRS_B_allatom_875_DP.pdb;28320.093291515543;27.64779031701798
1BRS_A_1BRS_B_allatom_555_DP.pdb;28660.35061678306;42.24050951274796
1BRS_A_1BRS_B_allatom_228_DP.pdb;28845.156729330836;40.38729836692855
1BRS_A_1BRS_B_allatom_349_DP.pdb;28963.54308205608;45.49709010007906
1BRS_A_1BRS_B_allatom_371_DP.pdb;29039.49335747031;52.73789895082214
1BRS_A_1BRS_B_allatom_419_DP.pdb;29045.31622777891;46.10517264320534
1BRS_A_1BRS_B_allatom_778_DP.pdb;29343.307429902856;28.5405200955035
1BRS_A_1BRS_B_allatom_434_DP.pdb;29473.072858638414;47.9040500113952
1BRS_A_1BRS_B_allatom_27_DP.pdb;30389.63486315739;44.32992132017464
1BRS_A_1BRS_B_allatom_289_DP.pdb;30692.31925761861;38.43178984753452
1BRS_A_1BRS_B_allatom_470_DP.pdb;31430.885449024878;46.485633657015505
1BRS_A_1BRS_B_allatom_736_DP.pdb;31437.06359718421;28.71413008423297
1BRS_A_1BRS_B_allatom_74_DP.pdb;31628.971239756447;48.7346631240649
1BRS_A_1BRS_B_allatom_603_DP.pdb;31718.99997047616;40.57759365411681
1BRS_A_1BRS_B_allatom_332_DP.pdb;31966.007044484526;16.7384334564114
1BRS_A_1BRS_B_allatom_693_DP.pdb;31997.874841692912;47.49466874110804
1BRS_A_1BRS_B_allatom_180_DP.pdb;32576.1751629585;41.865067949058805
1BRS_A_1BRS_B_allatom_442_DP.pdb;32814.119243080866;40.34950621427271
1BRS_A_1BRS_B_allatom_806_DP.pdb;32907.58767161637;52.507729162958235
1BRS_A_1BRS_B_allatom_907_DP.pdb;33678.14393323359;12.44618783163061
1BRS_A_1BRS_B_allatom_843_DP.pdb;33825.12874661512;42.799625170503916
1BRS_A_1BRS_B_allatom_513_DP.pdb;34318.65780120656;28.094964878990762
1BRS_A_1BRS_B_allatom_611_DP.pdb;34506.00578583341;51.19102516122793
1BRS_A_1BRS_B_allatom_553_DP.pdb;34555.54133913365;46.80130522113992
1BRS_A_1BRS_B_allatom_854_DP.pdb;34773.43825407616;38.164777978064315
1BRS_A_1BRS_B_allatom_816_DP.pdb;35208.79465808564;48.710440669751485
1BRS_A_1BRS_B_allatom_737_DP.pdb;35531.3350500087;52.193107128802176
1BRS_A_1BRS_B_allatom_536_DP.pdb;35797.97691677893;43.51096350571201
1BRS_A_1BRS_B_allatom_640_DP.pdb;36188.881913552315;57.594056830404895
1BRS_A_1BRS_B_allatom_315_DP.pdb;36477.8008237759;49.38730105799571
1BRS_A_1BRS_B_allatom_575_DP.pdb;36632.780373893984;41.072482532181105
1BRS_A_1BRS_B_allatom_426_DP.pdb;36817.966322756976;25.715850006624677
1BRS_A_1BRS_B_allatom_591_DP.pdb;37373.49114624861;54.124653669142276
1BRS_A_1BRS_B_allatom_222_DP.pdb;37384.82194108474;30.437994424127528
1BRS_A_1BRS_B_allatom_502_DP.pdb;37830.08234376919;52.99930238675561
1BRS_A_1BRS_B_allatom_168_DP.pdb;38748.466439811215;54.09405174291825
1BRS_A_1BRS_B_allatom_578_DP.pdb;39086.10525356874;37.17789943875476
1BRS_A_1BRS_B_allatom_530_DP.pdb;39315.751595933;35.124415907770896
1BRS_A_1BRS_B_allatom_24_DP.pdb;39681.54838598875;33.82543825509769
1BRS_A_1BRS_B_allatom_152_DP.pdb;41089.80267049298;40.881715387902595
1BRS_A_1BRS_B_allatom_366_DP.pdb;41259.0043077184;31.44758664917662
1BRS_A_1BRS_B_allatom_616_DP.pdb;42093.25617963516;38.547578386602495
1BRS_A_1BRS_B_allatom_351_DP.pdb;42390.502559343106;11.81205672865312
1BRS_A_1BRS_B_allatom_895_DP.pdb;42422.141150165095;36.02143968240448
1BRS_A_1BRS_B_allatom_659_DP.pdb;42632.240537122794;50.8746705995154
1BRS_A_1BRS_B_allatom_456_DP.pdb;43134.36090356877;56.23888291021175
1BRS_A_1BRS_B_allatom_324_DP.pdb;43387.64486492332;43.37090242873393
1BRS_A_1BRS_B_allatom_61_DP.pdb;44839.90953186339;26.827184542386554
1BRS_A_1BRS_B_allatom_386_DP.pdb;44845.07543756083;21.9685475576585
1BRS_A_1BRS_B_allatom_407_DP.pdb;45187.4423432444;49.98501662912391
1BRS_A_1BRS_B_allatom_572_DP.pdb;45343.412790935305;26.964844295583415
1BRS_A_1BRS_B_allatom_310_DP.pdb;45653.83933503543;40.9926191152875
1BRS_A_1BRS_B_allatom_465_DP.pdb;46390.77797324859;47.89258062629302
1BRS_A_1BRS_B_allatom_185_DP.pdb;47710.18646254634;49.16831082191516
1BRS_A_1BRS_B_allatom_469_DP.pdb;48577.99742305868;31.014943813936036
1BRS_A_1BRS_B_allatom_628_DP.pdb;48914.96910243485;46.628043606430865
1BRS_A_1BRS_B_allatom_654_DP.pdb;50138.44142575247;43.29808709201351
1BRS_A_1BRS_B_allatom_334_DP.pdb;50713.40058329065;37.649895345216386
1BRS_A_1BRS_B_allatom_283_DP.pdb;51605.116327957956;38.40295585292074
1BRS_A_1BRS_B_allatom_910_DP.pdb;51862.338379356625;43.29471412282348
1BRS_A_1BRS_B_allatom_360_DP.pdb;52002.5212144663;40.68204500618248
1BRS_A_1BRS_B_allatom_832_DP.pdb;52741.19837809319;51.18999787797541
1BRS_A_1BRS_B_allatom_64_DP.pdb;54604.17627857663;26.453711274080497
1BRS_A_1BRS_B_allatom_83_DP.pdb;55188.808999670815;46.404654656915454
1BRS_A_1BRS_B_allatom_610_DP.pdb;55970.49057173286;39.30345897956847
1BRS_A_1BRS_B_allatom_395_DP.pdb;56452.648740469085;36.616685766269825
1BRS_A_1BRS_B_allatom_814_DP.pdb;57495.88644212134;56.46786453057773
1BRS_A_1BRS_B_allatom_120_DP.pdb;59721.465849916676;46.41326616388896
1BRS_A_1BRS_B_allatom_123_DP.pdb;60605.22315420985;50.85740484133458
1BRS_A_1BRS_B_allatom_639_DP.pdb;60839.86801957975;55.19486412264498
1BRS_A_1BRS_B_allatom_886_DP.pdb;60922.0842640432;46.715506239560234
1BRS_A_1BRS_B_allatom_39_DP.pdb;61158.69087407669;42.84628087804657
1BRS_A_1BRS_B_allatom_217_DP.pdb;61575.247840112366;28.325090784770968
1BRS_A_1BRS_B_allatom_732_DP.pdb;62189.12636692973;48.09525222296692
1BRS_A_1BRS_B_allatom_428_DP.pdb;62842.860900488864;47.34769741430707
1BRS_A_1BRS_B_allatom_167_DP.pdb;63865.16061021522;46.02403789125951
1BRS_A_1BRS_B_allatom_218_DP.pdb;64359.844384341086;20.143050079227148
1BRS_A_1BRS_B_allatom_906_DP.pdb;64504.84679246503;52.06541035899529
1BRS_A_1BRS_B_allatom_51_DP.pdb;64881.008622848145;37.024194790967975
1BRS_A_1BRS_B_allatom_357_DP.pdb;65000.29754487595;53.8286878665715
1BRS_A_1BRS_B_allatom_894_DP.pdb;65952.69786789181;32.65344431798254
1BRS_A_1BRS_B_allatom_249_DP.pdb;66395.20038365478;50.293881685777535
1BRS_A_1BRS_B_allatom_637_DP.pdb;67691.69940687387;31.620562537072608
1BRS_A_1BRS_B_allatom_12_DP.pdb;70300.24628893707;48.05354727262867
1BRS_A_1BRS_B_allatom_140_DP.pdb;71271.80597853346;46.26398178891996
1BRS_A_1BRS_B_allatom_650_DP.pdb;71813.8925533831;45.61551863492659
1BRS_A_1BRS_B_allatom_273_DP.pdb;73648.49554165511;20.474395551685927
1BRS_A_1BRS_B_allatom_801_DP.pdb;75810.30654947081;34.72705727891255
1BRS_A_1BRS_B_allatom_849_DP.pdb;76934.74272095373;42.47304650998184
1BRS_A_1BRS_B_allatom_521_DP.pdb;77857.66817912406;39.242605729885774
1BRS_A_1BRS_B_allatom_846_DP.pdb;78228.66611374785;20.14333780511647
1BRS_A_1BRS_B_allatom_391_DP.pdb;79963.53487303444;41.08906606119941
1BRS_A_1BRS_B_allatom_573_DP.pdb;79975.18826257274;43.70303625660324
1BRS_A_1BRS_B_allatom_16_DP.pdb;81715.6655536604;14.880975661299358
1BRS_A_1BRS_B_allatom_229_DP.pdb;83203.32451014046;50.70741286180878
1BRS_A_1BRS_B_allatom_918_DP.pdb;84210.6590514624;30.749153695857935
1BRS_A_1BRS_B_allatom_412_DP.pdb;85880.52764645655;34.03100405681476
1BRS_A_1BRS_B_allatom_831_DP.pdb;86234.01841151819;48.51414714132956
1BRS_A_1BRS_B_allatom_911_DP.pdb;86340.081300222;51.771933051794974
1BRS_A_1BRS_B_allatom_344_DP.pdb;87274.78157123509;31.190968464951666
1BRS_A_1BRS_B_allatom_822_DP.pdb;88518.20197289821;44.09637473409413
1BRS_A_1BRS_B_allatom_238_DP.pdb;91318.12152856997;41.68412773921639
1BRS_A_1BRS_B_allatom_267_DP.pdb;91457.29980140676;16.56797715023095
1BRS_A_1BRS_B_allatom_839_DP.pdb;91521.2373451601;13.97967995374699
1BRS_A_1BRS_B_allatom_269_DP.pdb;92027.74632049532;39.125238853224126
1BRS_A_1BRS_B_allatom_897_DP.pdb;92352.17717439299;40.93031997903518
1BRS_A_1BRS_B_allatom_750_DP.pdb;92507.0175565491;42.908217059688916
1BRS_A_1BRS_B_allatom_323_DP.pdb;93591.12661344699;26.415949732611594
1BRS_A_1BRS_B_allatom_927_DP.pdb;93767.54656712615;22.303205966392145
1BRS_A_1BRS_B_allatom_804_DP.pdb;95841.39373775237;37.975987832603764
1BRS_A_1BRS_B_allatom_265_DP.pdb;98048.72174539958;48.9387982580542
1BRS_A_1BRS_B_allatom_304_DP.pdb;98493.01737376204;50.25671312417852
1BRS_A_1BRS_B_allatom_156_DP.pdb;98638.02340224697;46.09626214644266
1BRS_A_1BRS_B_allatom_836_DP.pdb;98694.73897815908;43.575737171308845
1BRS_A_1BRS_B_allatom_125_DP.pdb;99385.08084385318;49.859444816080895
1BRS_A_1BRS_B_allatom_264_DP.pdb;99835.99839106345;37.691891938254535
1BRS_A_1BRS_B_allatom_721_DP.pdb;100490.8182730349;41.08405021822134
1BRS_A_1BRS_B_allatom_532_DP.pdb;101217.06838200887;53.065819533143355
1BRS_A_1BRS_B_allatom_617_DP.pdb;101652.19432177578;10.691251120834066
1BRS_A_1BRS_B_allatom_715_DP.pdb;104094.05885424334;44.5684958542763
1BRS_A_1BRS_B_allatom_420_DP.pdb;104107.76233932459;41.80795352121633
1BRS_A_1BRS_B_allatom_815_DP.pdb;105518.06749036901;55.51481903349626
1BRS_A_1BRS_B_allatom_687_DP.pdb;107829.56260093788;52.16099943378227
1BRS_A_1BRS_B_allatom_475_DP.pdb;110625.03155206634;40.855186968625894
1BRS_A_1BRS_B_allatom_250_DP.pdb;111810.3996550284;48.90795701580439
1BRS_A_1BRS_B_allatom_248_DP.pdb;111881.92937793894;40.86697263536057
1BRS_A_1BRS_B_allatom_635_DP.pdb;115214.5632106803;21.453689396829443
1BRS_A_1BRS_B_allatom_748_DP.pdb;115282.59472346022;23.759787008991548
1BRS_A_1BRS_B_allatom_343_DP.pdb;115747.3410287219;51.97169010696799
1BRS_A_1BRS_B_allatom_7_DP.pdb;120052.09490370938;12.395518135623647
1BRS_A_1BRS_B_allatom_379_DP.pdb;121060.71465004314;30.862001785106347
1BRS_A_1BRS_B_allatom_405_DP.pdb;121147.68849467362;40.32838185618078
1BRS_A_1BRS_B_allatom_945_DP.pdb;121412.7557159722;37.891418582212175
1BRS_A_1BRS_B_allatom_145_DP.pdb;122054.17565711845;20.85124354460236
1BRS_A_1BRS_B_allatom_698_DP.pdb;123280.87612263781;46.59629044519396
1BRS_A_1BRS_B_allatom_400_DP.pdb;124953.58504606054;44.3532647983873
1BRS_A_1BRS_B_allatom_527_DP.pdb;128342.60546405194;34.13903338732205
1BRS_A_1BRS_B_allatom_179_DP.pdb;128442.72091480746;46.68694498206774
1BRS_A_1BRS_B_allatom_588_DP.pdb;129266.79753973294;52.800110990827264
1BRS_A_1BRS_B_allatom_590_DP.pdb;129419.67104749662;20.872422982787928
1BRS_A_1BRS_B_allatom_134_DP.pdb;130544.32875430743;52.171677293093744
1BRS_A_1BRS_B_allatom_97_DP.pdb;131056.35844421515;32.05640597626227
1BRS_A_1BRS_B_allatom_835_DP.pdb;131343.5799797069;52.13008804319062
1BRS_A_1BRS_B_allatom_863_DP.pdb;132968.28181609206;38.356462652724964
1BRS_A_1BRS_B_allatom_647_DP.pdb;133065.31365605918;53.49328274051165
1BRS_A_1BRS_B_allatom_107_DP.pdb;139895.0725187508;45.42250724743933
1BRS_A_1BRS_B_allatom_81_DP.pdb;139902.11881549927;47.489977784307534
1BRS_A_1BRS_B_allatom_322_DP.pdb;145436.6225382522;46.315868337558655
1BRS_A_1BRS_B_allatom_867_DP.pdb;145730.7603137012;53.0032890075766
1BRS_A_1BRS_B_allatom_781_DP.pdb;147207.07671292993;28.3356434816159
1BRS_A_1BRS_B_allatom_270_DP.pdb;149181.03980237246;33.2923291549753
1BRS_A_1BRS_B_allatom_506_DP.pdb;160108.17266972497;44.70813880815947
1BRS_A_1BRS_B_allatom_882_DP.pdb;161477.56056661415;40.21109345819197
1BRS_A_1BRS_B_allatom_768_DP.pdb;163490.25237992522;19.714187171072815
1BRS_A_1BRS_B_allatom_259_DP.pdb;167530.6122387575;50.768187989258024
1BRS_A_1BRS_B_allatom_709_DP.pdb;168449.8050675553;45.83386009009736
1BRS_A_1BRS_B_allatom_43_DP.pdb;171814.22735057396;47.26903350582399
1BRS_A_1BRS_B_allatom_57_DP.pdb;181021.91366160425;32.82804016526046
1BRS_A_1BRS_B_allatom_1_DP.pdb;187777.24673955608;40.747736674329055
1BRS_A_1BRS_B_allatom_242_DP.pdb;189013.69078157895;53.25925523583542
1BRS_A_1BRS_B_allatom_253_DP.pdb;190895.08907245865;41.19714993392335
1BRS_A_1BRS_B_allatom_112_DP.pdb;191233.68329361113;45.11267654542296
1BRS_A_1BRS_B_allatom_511_DP.pdb;192175.91025209517;48.62639483943323
1BRS_A_1BRS_B_allatom_787_DP.pdb;194192.6490991866;51.14969739093191
1BRS_A_1BRS_B_allatom_505_DP.pdb;196091.29194566223;46.59705101467654
1BRS_A_1BRS_B_allatom_789_DP.pdb;200399.69767995356;44.45980513307794
1BRS_A_1BRS_B_allatom_435_DP.pdb;201612.05814895636;50.78149307006724
1BRS_A_1BRS_B_allatom_509_DP.pdb;202229.56552207697;40.91462935017338
1BRS_A_1BRS_B_allatom_204_DP.pdb;204215.32206122094;45.90636564127904
1BRS_A_1BRS_B_allatom_99_DP.pdb;204356.583299946;41.43418805588659
1BRS_A_1BRS_B_allatom_753_DP.pdb;205838.8057597668;55.54263833370688
1BRS_A_1BRS_B_allatom_665_DP.pdb;209527.61011351994;43.5985792543748
1BRS_A_1BRS_B_allatom_769_DP.pdb;214299.0995460833;39.022197259137464
1BRS_A_1BRS_B_allatom_397_DP.pdb;214556.043235191;40.28344213853548
1BRS_A_1BRS_B_allatom_484_DP.pdb;218104.12968496967;39.82130574621246
1BRS_A_1BRS_B_allatom_342_DP.pdb;223618.673869186;40.51499215147996
1BRS_A_1BRS_B_allatom_631_DP.pdb;230412.036054265;47.78666252798179
1BRS_A_1BRS_B_allatom_171_DP.pdb;231720.8515378303;55.899899005008194
1BRS_A_1BRS_B_allatom_263_DP.pdb;237077.42625166243;34.61401470403331
1BRS_A_1BRS_B_allatom_939_DP.pdb;238992.3884380131;27.158869731488345
1BRS_A_1BRS_B_allatom_260_DP.pdb;239082.77584472045;19.78601745399147
1BRS_A_1BRS_B_allatom_670_DP.pdb;244257.13568680282;50.49310591430838
1BRS_A_1BRS_B_allatom_705_DP.pdb;254800.2462744695;27.84959961721318
1BRS_A_1BRS_B_allatom_433_DP.pdb;256333.04993160104;42.28802286509835
1BRS_A_1BRS_B_allatom_383_DP.pdb;260561.37410508652;36.891408343139055
1BRS_A_1BRS_B_allatom_707_DP.pdb;261053.93728302215;41.162885371034974
1BRS_A_1BRS_B_allatom_201_DP.pdb;266412.8570891378;46.80276145269316
1BRS_A_1BRS_B_allatom_529_DP.pdb;266628.79062890727;45.36831979425758
1BRS_A_1BRS_B_allatom_629_DP.pdb;268806.93236388103;39.951948480672364
1BRS_A_1BRS_B_allatom_504_DP.pdb;269431.6401560354;45.45715388105064
1BRS_A_1BRS_B_allatom_813_DP.pdb;278349.35872937297;48.0062101173128
1BRS_A_1BRS_B_allatom_872_DP.pdb;284454.86758392164;40.833608965666
1BRS_A_1BRS_B_allatom_362_DP.pdb;312880.1941446286;53.32031534104958
1BRS_A_1BRS_B_allatom_441_DP.pdb;330385.99250721926;21.359089224900046
1BRS_A_1BRS_B_allatom_58_DP.pdb;333128.7976941308;9.228979666770059
1BRS_A_1BRS_B_allatom_285_DP.pdb;355189.61444092495;32.59303262704448
1BRS_A_1BRS_B_allatom_589_DP.pdb;382818.5744853139;46.26503710742837
1BRS_A_1BRS_B_allatom_888_DP.pdb;389687.2286371071;25.298817934086745
1BRS_A_1BRS_B_allatom_584_DP.pdb;390675.4912049873;41.36921715075916
1BRS_A_1BRS_B_allatom_626_DP.pdb;397066.37935156125;42.887081981600836
1BRS_A_1BRS_B_allatom_853_DP.pdb;406890.4477445607;35.78550779552957
1BRS_A_1BRS_B_allatom_314_DP.pdb;407146.9365552509;49.978679589573396
1BRS_A_1BRS_B_allatom_33_DP.pdb;408855.269638744;42.559663921005836
1BRS_A_1BRS_B_allatom_114_DP.pdb;414211.3786011863;41.80935196516595
1BRS_A_1BRS_B_allatom_262_DP.pdb;424689.19378333277;45.798400416277154
1BRS_A_1BRS_B_allatom_690_DP.pdb;430050.2369416168;37.72715664729659
1BRS_A_1BRS_B_allatom_311_DP.pdb;432577.29531506257;20.227255090168768
1BRS_A_1BRS_B_allatom_358_DP.pdb;434715.05463606934;49.09638524536119
1BRS_A_1BRS_B_allatom_792_DP.pdb;436394.76675355254;46.59682250550133
1BRS_A_1BRS_B_allatom_422_DP.pdb;443579.7897689989;27.36421063439759
1BRS_A_1BRS_B_allatom_516_DP.pdb;445021.11007531366;29.803412646143766
1BRS_A_1BRS_B_allatom_519_DP.pdb;455879.7542458538;47.53224454230923
1BRS_A_1BRS_B_allatom_755_DP.pdb;487691.4472667165;39.1457278776237
1BRS_A_1BRS_B_allatom_372_DP.pdb;498069.5221674473;57.06344055341479
1BRS_A_1BRS_B_allatom_50_DP.pdb;505464.52029386064;50.89055844325809
1BRS_A_1BRS_B_allatom_354_DP.pdb;510162.7949011169;37.86134737858439
1BRS_A_1BRS_B_allatom_865_DP.pdb;511987.1413961015;40.21900332818608
1BRS_A_1BRS_B_allatom_109_DP.pdb;531399.0691772454;47.160210028243576
1BRS_A_1BRS_B_allatom_347_DP.pdb;565591.8560413222;21.28480873957903
1BRS_A_1BRS_B_allatom_190_DP.pdb;571364.8577126585;39.86874234817657
1BRS_A_1BRS_B_allatom_320_DP.pdb;585115.7027541292;45.71526660604824
1BRS_A_1BRS_B_allatom_912_DP.pdb;613066.8267337577;38.55324259362316
1BRS_A_1BRS_B_allatom_740_DP.pdb;617288.5205829563;44.50591572186084
1BRS_A_1BRS_B_allatom_868_DP.pdb;618383.6660573776;31.215727018769634
1BRS_A_1BRS_B_allatom_92_DP.pdb;637013.3822973038;24.7422434424047
1BRS_A_1BRS_B_allatom_165_DP.pdb;645165.9878598987;50.754631657284904
1BRS_A_1BRS_B_allatom_52_DP.pdb;645911.4107333896;42.460307096847764
1BRS_A_1BRS_B_allatom_163_DP.pdb;649850.7134073613;50.9272531629592
1BRS_A_1BRS_B_allatom_766_DP.pdb;663689.6650577991;20.561599642867357
1BRS_A_1BRS_B_allatom_638_DP.pdb;766229.1121085224;37.80447056106327
1BRS_A_1BRS_B_allatom_413_DP.pdb;770094.582340645;38.11162589826358
1BRS_A_1BRS_B_allatom_946_DP.pdb;775017.3095815183;40.01824089073015
1BRS_A_1BRS_B_allatom_147_DP.pdb;781657.0821233947;54.08884093944346
1BRS_A_1BRS_B_allatom_219_DP.pdb;792892.4582065335;47.791595206833115
1BRS_A_1BRS_B_allatom_615_DP.pdb;796374.7046351415;45.85500316728006
1BRS_A_1BRS_B_allatom_84_DP.pdb;814155.3105319964;49.56299873874674
1BRS_A_1BRS_B_allatom_352_DP.pdb;861761.6920088362;35.22050999356621
1BRS_A_1BRS_B_allatom_337_DP.pdb;864868.8032122019;52.461558106974806
1BRS_A_1BRS_B_allatom_93_DP.pdb;953193.2579237794;22.789574259538824
1BRS_A_1BRS_B_allatom_739_DP.pdb;956364.169937558;47.09913661970715
1BRS_A_1BRS_B_allatom_85_DP.pdb;959901.3841369404;40.25828642295451
1BRS_A_1BRS_B_allatom_118_DP.pdb;964781.4512240686;54.98973964368681
1BRS_A_1BRS_B_allatom_326_DP.pdb;969731.6801277768;38.815269192603225
1BRS_A_1BRS_B_allatom_500_DP.pdb;984019.2079253398;51.04199719196759
1BRS_A_1BRS_B_allatom_577_DP.pdb;1012337.9124195299;20.459673440108027
1BRS_A_1BRS_B_allatom_223_DP.pdb;1032036.8693835228;52.75507864455426
1BRS_A_1BRS_B_allatom_247_DP.pdb;1071318.562048246;26.76632161448627
1BRS_A_1BRS_B_allatom_689_DP.pdb;1097567.8980011262;46.99489003977533
1BRS_A_1BRS_B_allatom_480_DP.pdb;1099936.2434243227;56.77918894278079
1BRS_A_1BRS_B_allatom_941_DP.pdb;1102417.6996932353;20.26022965199862
1BRS_A_1BRS_B_allatom_900_DP.pdb;1120428.3791931195;46.875122647992804
1BRS_A_1BRS_B_allatom_35_DP.pdb;1135110.3043238013;53.868928221203255
1BRS_A_1BRS_B_allatom_139_DP.pdb;1208366.6264561994;47.42606464101079
1BRS_A_1BRS_B_allatom_829_DP.pdb;1235209.158849723;18.535218708265045
1BRS_A_1BRS_B_allatom_70_DP.pdb;1242358.9686950655;37.256206835507484
1BRS_A_1BRS_B_allatom_350_DP.pdb;1251009.2914994739;27.443331893026485
1BRS_A_1BRS_B_allatom_852_DP.pdb;1262497.1027628316;41.918354817128886
1BRS_A_1BRS_B_allatom_110_DP.pdb;1292662.4493194765;45.86608373648048
1BRS_A_1BRS_B_allatom_427_DP.pdb;1318457.67919414;52.3555846796636
1BRS_A_1BRS_B_allatom_870_DP.pdb;1360824.0021793924;42.08309675654455
1BRS_A_1BRS_B_allatom_823_DP.pdb;1424085.6717947556;46.298273840492094
1BRS_A_1BRS_B_allatom_642_DP.pdb;1534429.0957728561;43.26981367342981
1BRS_A_1BRS_B_allatom_374_DP.pdb;1589161.0557974873;13.217394320390449
1BRS_A_1BRS_B_allatom_524_DP.pdb;1633910.1349790057;52.08083144188618
1BRS_A_1BRS_B_allatom_862_DP.pdb;1956839.3416403534;44.50282754506444
1BRS_A_1BRS_B_allatom_564_DP.pdb;2166138.3971979315;54.77746208424414
1BRS_A_1BRS_B_allatom_928_DP.pdb;2208519.6493081492;20.951962834557758
1BRS_A_1BRS_B_allatom_336_DP.pdb;2314806.3284721696;41.919289420334245
1BRS_A_1BRS_B_allatom_803_DP.pdb;2442201.02289256;45.849815842019765
1BRS_A_1BRS_B_allatom_104_DP.pdb;2652331.628771535;47.517233028672344
1BRS_A_1BRS_B_allatom_619_DP.pdb;2781739.3739469694;46.02408875745421
1BRS_A_1BRS_B_allatom_741_DP.pdb;2889475.5618501455;29.334912983655173
1BRS_A_1BRS_B_allatom_877_DP.pdb;2970210.7846745797;37.14937843046791
1BRS_A_1BRS_B_allatom_773_DP.pdb;3039954.767327617;34.278619340247104
1BRS_A_1BRS_B_allatom_5_DP.pdb;3137640.209155737;54.07110272573522
1BRS_A_1BRS_B_allatom_266_DP.pdb;3196667.07869699;40.92646667521204
1BRS_A_1BRS_B_allatom_21_DP.pdb;3444895.50944557;18.345098389162317
1BRS_A_1BRS_B_allatom_633_DP.pdb;3459592.9386446658;56.948025248274966
1BRS_A_1BRS_B_allatom_60_DP.pdb;3807013.3507527327;35.25627810840888
1BRS_A_1BRS_B_allatom_209_DP.pdb;3825013.9300342784;33.98453556711705
1BRS_A_1BRS_B_allatom_65_DP.pdb;3856268.305152697;45.71796798940719
1BRS_A_1BRS_B_allatom_449_DP.pdb;4053612.1665135347;57.21353892268395
1BRS_A_1BRS_B_allatom_341_DP.pdb;4242783.033389936;36.55013827339915
1BRS_A_1BRS_B_allatom_37_DP.pdb;4250204.056247827;48.24030322013031
1BRS_A_1BRS_B_allatom_497_DP.pdb;4615943.25032462;50.44239885346407
1BRS_A_1BRS_B_allatom_507_DP.pdb;4629237.802886195;30.78716501173453
1BRS_A_1BRS_B_allatom_22_DP.pdb;4669181.936193166;48.48051212292574
1BRS_A_1BRS_B_allatom_893_DP.pdb;5290078.653844199;49.95737579475978
1BRS_A_1BRS_B_allatom_597_DP.pdb;5445224.238049877;51.223826116256724
1BRS_A_1BRS_B_allatom_780_DP.pdb;5462244.002351019;35.97038595285991
1BRS_A_1BRS_B_allatom_257_DP.pdb;5742999.7434228435;43.143248412807246
1BRS_A_1BRS_B_allatom_729_DP.pdb;5760801.978971918;49.731462428023214
1BRS_A_1BRS_B_allatom_445_DP.pdb;5831066.159104296;41.62000096729026
1BRS_A_1BRS_B_allatom_447_DP.pdb;5890992.041152489;45.09387117224302
1BRS_A_1BRS_B_allatom_796_DP.pdb;6562193.83319193;40.571761241125536
1BRS_A_1BRS_B_allatom_155_DP.pdb;7449339.5124729825;51.179240966509525
1BRS_A_1BRS_B_allatom_830_DP.pdb;8145163.693504824;54.70175889657764
1BRS_A_1BRS_B_allatom_388_DP.pdb;8164655.272092925;46.0128508197788
1BRS_A_1BRS_B_allatom_220_DP.pdb;8202613.246417762;21.639665300862053
1BRS_A_1BRS_B_allatom_71_DP.pdb;9079605.172242282;43.05471988317183
1BRS_A_1BRS_B_allatom_922_DP.pdb;9722223.22750159;42.16215306940901
1BRS_A_1BRS_B_allatom_94_DP.pdb;11438157.741331467;38.6838025339128
1BRS_A_1BRS_B_allatom_568_DP.pdb;11549925.94780094;38.38382902230825
1BRS_A_1BRS_B_allatom_461_DP.pdb;12262965.294575967;25.089736559870015
1BRS_A_1BRS_B_allatom_255_DP.pdb;12305197.651782129;27.25725174182536
1BRS_A_1BRS_B_allatom_550_DP.pdb;16660139.34803458;47.495595918155296
1BRS_A_1BRS_B_allatom_356_DP.pdb;19502303.258823637;52.70165264317467
1BRS_A_1BRS_B_allatom_731_DP.pdb;23803750.88350092;17.166102386998613
1BRS_A_1BRS_B_allatom_309_DP.pdb;23903529.746723723;29.083210203013078
1BRS_A_1BRS_B_allatom_133_DP.pdb;24935089.96409054;45.84898472271167
1BRS_A_1BRS_B_allatom_169_DP.pdb;26949511.645516;47.232487096386784
1BRS_A_1BRS_B_allatom_54_DP.pdb;31743895.89403564;53.181570715846654
1BRS_A_1BRS_B_allatom_406_DP.pdb;32650020.205749243;46.95440940441314
1BRS_A_1BRS_B_allatom_153_DP.pdb;35048525.42328395;49.609245269706385
1BRS_A_1BRS_B_allatom_841_DP.pdb;55802745.514226206;43.65752172411938
1BRS_A_1BRS_B_allatom_818_DP.pdb;63544193.416919455;45.04426476881622
1BRS_A_1BRS_B_allatom_903_DP.pdb;66671823.95711953;23.4346322825512
1BRS_A_1BRS_B_allatom_377_DP.pdb;67539822.65607367;46.78103302584838
1BRS_A_1BRS_B_allatom_559_DP.pdb;69662648.9305371;34.850990225381764
1BRS_A_1BRS_B_allatom_948_DP.pdb;77270251.38570777;8.939029312289843
1BRS_A_1BRS_B_allatom_743_DP.pdb;81202230.1264633;36.95023092410692
1BRS_A_1BRS_B_allatom_297_DP.pdb;92067276.98882034;49.90021091967034
1BRS_A_1BRS_B_allatom_574_DP.pdb;92130695.67324865;42.30306036006835
1BRS_A_1BRS_B_allatom_284_DP.pdb;92635169.01497847;40.58697855082412
1BRS_A_1BRS_B_allatom_328_DP.pdb;94377138.88621038;38.15128923206876
1BRS_A_1BRS_B_allatom_381_DP.pdb;96342268.80098942;40.150791518371385
1BRS_A_1BRS_B_allatom_786_DP.pdb;100632038.27523561;50.943463105072965
1BRS_A_1BRS_B_allatom_712_DP.pdb;126228881.82695477;38.925223134183526
1BRS_A_1BRS_B_allatom_63_DP.pdb;134533788.18127516;39.968028718654274
1BRS_A_1BRS_B_allatom_416_DP.pdb;143503953.20459598;32.176047912451395
1BRS_A_1BRS_B_allatom_661_DP.pdb;150658614.4447703;44.78367993547669
1BRS_A_1BRS_B_allatom_764_DP.pdb;193639507.62591195;22.289464361380276
1BRS_A_1BRS_B_allatom_408_DP.pdb;379306950.6261657;41.6732905745436
1BRS_A_1BRS_B_allatom_224_DP.pdb;415034106.9904793;49.26811860053904
1BRS_A_1BRS_B_allatom_538_DP.pdb;433677423.0270671;37.95883368255971
1BRS_A_1BRS_B_allatom_36_DP.pdb;531134747.5617429;46.34150108592245
1BRS_A_1BRS_B_allatom_76_DP.pdb;716658272.1708812;44.453072678277586
1BRS_A_1BRS_B_allatom_931_DP.pdb;2659183263.7016687;53.39910268177163
1BRS_A_1BRS_B_allatom_211_DP.pdb;3229946845.894832;55.063917603863395
1BRS_A_1BRS_B_allatom_172_DP.pdb;8670578573.283657;33.58149850702038
1BRS_A_1BRS_B_allatom_346_DP.pdb;35679258423.83788;41.86863855800842
